"","normVector1D","normVector2D","midpoints"
"1",0.645225777251696,-0.763991947843657,-0.0285250379133091
"2",0.773559743389252,-0.633723380827593,-0.0725570293466519
"3",0.833340138217889,0.552760539506022,0.0674796373249327
"4",0.782129173644827,-0.623116326004751,-0.0705805549706547
"5",0.818085344706965,-0.575096834259838,-0.0823582992602225
"6",0.778722016394278,-0.627369126737067,0.0373744626214644
"7",0.773559743389252,-0.633723380827593,-0.0725570293466519
"8",0.773559743389252,-0.633723380827593,-0.0725570293466519
"9",0.778722016394278,-0.627369126737067,0.0373744626214644
"10",0.828700730214339,0.559691968624011,0.475460513665937
"11",0.858312198478089,0.513127830022607,0.662795744319816
"12",0.569000044116807,0.822337491420081,0.0460884904745493
"13",0.833340138217889,0.552760539506022,0.0674796373249327
"14",0.796131542781378,-0.605123596126067,0.719789504831266
"15",0.877024195680298,-0.480446209467123,0.0113294826412215
"16",0.787734661742508,-0.616014693566166,0.0364381263241082
"17",0.793973594101797,-0.607952244727393,0.0357750689286845
"18",0.790485573830165,-0.612480658932504,0.0361473045619865
"19",0.793765385264707,-0.608224064926381,0.0357973994859683
"20",0.942628837991164,-0.33384258833682,0.0979705622871796
"21",0.893775338320998,-0.448514932426096,0.754607805110639
"22",0.787340803282982,-0.616518012296241,0.0364795685958055
"23",0.773559743389252,-0.633723380827593,-0.0725570293466519
"24",0.833340138217889,0.552760539506022,0.0674796373249327
"25",0.833340138217889,0.552760539506022,0.0674796373249327
"26",0.787340803282982,-0.616518012296241,0.0364795685958055
"27",0.802148098544113,-0.597125135965708,-0.191506666767994
"28",0.832143413206085,-0.554560492514321,-0.164423274134264
"29",0.80822503975909,-0.588873742924931,-0.196535741801037
"30",0.793303030282891,-0.608826988679035,-0.0679310604285863
"31",0.89331578551588,-0.449429535464844,-0.0707900670013409
"32",0.815260119006839,0.579094930349899,-0.191621769815052
"33",0.951710590311786,-0.306996664946692,-0.00285888042291518
"34",0.915494848326481,-0.402329694016828,-0.0321527572944382
"35",0.94970170697127,-0.313155979945868,-0.00528478318519487
"36",0.806269664279291,-0.591548162420406,-0.19259595336244
"37",0.778722016394278,-0.627369126737067,0.0373744626214644
"38",0.271749716952147,0.962367960468566,0.167619651701985
"39",0.773559743389252,-0.633723380827593,-0.0725570293466519
"40",0.921818898790984,0.387620842875841,-0.0983955888041713
"41",0.773559743389252,-0.633723380827593,-0.0725570293466519
"42",0.951674320247208,-0.307109081894389,-0.00293098948687616
"43",0.88870210817882,0.458485073823042,-0.119748144077723
"44",0.865510950071234,0.500890003201092,-0.132581736833389
"45",0.782129173644827,-0.623116326004751,-0.0705805549706547
"46",0.865510950071234,0.500890003201092,-0.132581736833389
"47",0.782129173644827,-0.623116326004751,-0.0705805549706547
"48",0.833340138217889,0.552760539506022,0.0674796373249327
"49",0.773559743389252,-0.633723380827593,-0.0725570293466519
"50",0.778722016394278,-0.627369126737067,0.0373744626214644
"51",0.938917947199657,0.344141087965942,0.431283780522148
"52",0.827118295956262,0.562027868076317,-0.185064644217835
"53",0.885919209398232,0.46383957832338,-0.121366225290617
"54",0.837158235803863,0.546960773937002,0.0691562787250482
"55",0.853281412492087,0.521450698624049,0.0845481456735292
"56",0.931089344399371,-0.364791218021967,-0.186707564938078
"57",0.773559743389252,-0.633723380827593,-0.0725570293466519
"58",0.778722016394278,-0.627369126737067,0.0373744626214644
"59",0.940238217778001,-0.340517391376195,-0.0332488073757746
"60",0.833340138217889,0.552760539506022,0.0674796373249327
"61",0.885919209398232,0.46383957832338,-0.121366225290617
"62",0.278960693840566,0.960302520715212,0.0113309085848907
"63",0.0543193720659618,0.998523613049967,0.0755110610164742
"64",0.405901377079241,0.913916884670141,0.208501097219144
"65",0.773559743389252,-0.633723380827593,-0.0725570293466519
"66",0.782129173644827,-0.623116326004751,-0.0705805549706547
"67",0.921733294118442,0.38782436039213,-0.098456753403362
"68",0.999586389145891,0.0287584880388055,0.328557140132945
"69",0.773559743389252,-0.633723380827593,-0.0725570293466519
"70",0.773559743389252,-0.633723380827593,-0.0725570293466519
"71",0.914848277048595,0.403797758762004,-0.103260127670307
"72",0.935457060249521,-0.353440360498521,-0.0432662974382417
"73",0.951793685286514,-0.30673894543849,-0.00269357826725622
"74",0.985907592014855,0.167290824636229,0.204890630943724
"75",0.80876560507604,-0.588131104470752,0.709166988967157
"76",0.773559743389252,-0.633723380827593,-0.0725570293466519
"77",0.806232989157696,-0.591598146712653,-0.244388656961931
"78",0.998987438111215,-0.0449899821737115,0.204640806730028
"79",0.0771975651803072,0.997015815285912,0.14082705732171
"80",0.804994384377945,-0.59328242947181,-0.0650652602988054
"81",0.857649866022226,0.514234097772656,-0.136629641959019
"82",0.4048688581014,-0.91437476328892,0.0713282562713089
"83",0.998229629780693,-0.0594777792784817,-0.302341486511032
"84",0.808914731102058,-0.587925979869988,0.0379437932579859
"85",0.929378485404933,-0.369128203834971,-0.0554864270747289
"86",0.778722016394278,-0.627369126737067,0.0373744626214644
"87",0.773559743389252,-0.633723380827593,-0.0725570293466519
"88",0.833340138217889,0.552760539506022,0.0674796373249327
"89",0.0775312269901619,0.996989924142366,0.230946888251572
"90",0.773559743389252,-0.633723380827593,-0.0725570293466519
"91",0.824092225470293,0.566455650443546,0.564318250611677
"92",0.903258514571244,-0.429096790776336,0.752841602451147
"93",0.839575974271034,0.543242287958922,0.0702255122217426
"94",0.804549891810431,0.593885065974743,0.401805032421996
"95",0.778722016394278,-0.627369126737067,0.0373744626214644
"96",0.833340138217889,0.552760539506022,0.0674796373249327
"97",0.772965412768618,-0.634448162313865,0.0379597784847825
"98",0.590850250114925,-0.806781247885157,0.191316984628374
"99",0.833340138217889,0.552760539506022,0.0674796373249327
"100",0.76180796053412,-0.647802926256778,-0.193273108725496
"101",0.954509723759747,-0.298179790140263,0.124088743904185
"102",0.778722016394278,-0.627369126737067,0.0373744626214644
"103",0.764991696538548,-0.644040141782384,0.0387548249618545
"104",0.767614264397122,-0.640912116513696,0.0384953030831915
"105",0.71094679980488,-0.703245794759699,0.583055535934938
"106",0.729013877380197,-0.684498916425067,0.5973744142243
"107",0.778722016394278,-0.627369126737067,0.0373744626214644
"108",0.936741014744069,0.350023243937102,0.419871919710901
"109",0.783329331485614,-0.621606916334029,0.0368989083646059
"110",0.656921584645008,0.753958905794933,0.000969430165315394
"111",0.797462771071163,-0.603368153580798,-0.302268200925564
"112",0.247381281933,0.968918211898809,0.154535269923478
"113",0.827348346747267,0.561689160599138,0.064876858366371
"114",0.845585338729409,0.533840270985498,0.493649000772815
"115",0.0498311518368729,0.99875765644455,-0.0190911566259571
"116",0.317838419229422,0.948144893601048,-0.0393221028424651
"117",0.83450492107088,-0.551000487031078,0.0619290176145313
"118",0.864047014551988,0.503411120898017,-0.133346158136904
"119",0.910048050904516,-0.414502768440564,0.0370425629976475
"120",0.814229273966262,-0.580543443177488,0.731715290985763
"121",0.778722016394278,-0.627369126737067,0.0373744626214644
"122",0.778722016394278,-0.627369126737067,0.0373744626214644
"123",0.778722016394278,-0.627369126737067,0.0373744626214644
"124",0.747229910131392,-0.664565618584825,0.757650797640139
"125",0.999849218045899,0.0173649409156898,0.335755247537791
"126",0.778722016394278,-0.627369126737067,0.0373744626214644
"127",0.972573176205597,-0.232597112891277,0.830241041386647
"128",0.737657213146854,-0.675175411202464,0.636123729483657
"129",0.812109651583731,-0.583504853282774,0.0408607774911922
"130",0.790302662103963,-0.612716657413025,0.0361667163857271
"131",0.778722016394278,-0.627369126737067,0.0373744626214644
"132",0.833340138217889,0.552760539506022,0.0674796373249327
"133",0.794555198854818,-0.607191926801387,0.0357126161485089
"134",0.778722016394278,-0.627369126737067,0.0373744626214644
"135",0.767081372866729,0.641549816772551,0.498477134881713
"136",0.674521185448317,-0.738255491263964,0.0467006877919904
"137",0.468435959267426,-0.883497454475793,0.163762629460533
"138",0.833340138217889,0.552760539506022,-0.181509661086061
"139",0.778722016394278,-0.627369126737067,0.0373744626214644
"140",0.833340138217889,0.552760539506022,0.0674796373249327
"141",0.778722016394278,-0.627369126737067,0.0373744626214644
"142",0.778722016394278,-0.627369126737067,0.0373744626214644
"143",0.774653426300234,-0.632386012749577,0.0377891489975239
"144",0.331003994452216,0.943629352901168,0.210477619124505
"145",0.833340138217889,0.552760539506022,-0.181509661086061
"146",0.788533294406533,-0.614992067926393,0.679456513545285
"147",0.778722016394278,-0.627369126737067,0.0373744626214644
"148",0.880524444756803,-0.474000740701661,-0.00934119168865011
"149",0.761241096494194,-0.648468960713092,0.0391226904533322
"150",0.332414118313637,-0.943133529223602,0.0363891117294993
"151",0.664417291594988,0.747361801692848,0.00347506429135494
"152",0.478991546125101,-0.877819513761619,-0.0191462901703125
"153",0.50899803024295,-0.860767683645707,-0.0208414885967457
"154",0.991327982553093,0.131410924230881,0.215019568628283
"155",0.828696274637485,0.559698565660083,0.0654594302036086
"156",0.828948349807112,0.55932515887636,0.0655685648217094
"157",0.834286413418737,0.551331280071157,0.0678938374505719
"158",0.833340138217889,0.552760539506022,0.0674796373249327
"159",0.778722016394278,-0.627369126737067,0.0373744626214644
"160",0.778722016394278,-0.627369126737067,0.0373744626214644
"161",0.778722016394278,-0.627369126737067,0.0373744626214644
"162",0.863241746503006,0.504790735943559,-0.133764537033036
"163",0.833340138217889,0.552760539506022,0.0674796373249327
"164",0.812346182356562,-0.583175513898449,0.0410775640790546
"165",0.809520066363011,-0.587092209244533,0.0384948715967566
"166",0.94017700653528,0.340686360722526,-0.084313112643739
"167",0.821462764648202,0.570262155763937,-0.188226574400698
"168",0.0788173491592143,0.996889073804861,0.109956070875523
"169",0.778722016394278,-0.627369126737067,0.0373744626214644
"170",0.703836005497436,0.710362497155792,0.784616683496952
"171",0.778722016394278,-0.627369126737067,0.0373744626214644
"172",0.789905717186285,-0.613228308182541,0.0362088060782891
"173",0.819849892083981,-0.572578513786437,-0.331754999857264
"174",0.0775312269901619,0.996989924142366,0.140905435870337
"175",0.778722016394278,-0.627369126737067,0.0373744626214644
"176",0.833340138217889,0.552760539506022,0.0674796373249327
"177",0.778722016394278,-0.627369126737067,0.0373744626214644
"178",0.809418672831225,0.587231991696755,-0.200319660774031
"179",0.776433818920718,-0.630198797869521,0.0376082836045146
"180",0.778722016394278,-0.627369126737067,0.0373744626214644
"181",0.833340138217889,0.552760539506022,0.0674796373249327
"182",0.959167038689606,-0.282840223255837,0.214998143821749
"183",0.808474012319155,-0.588531877985014,0.0375430422617833
"184",0.783443808637792,-0.621462628568372,0.0368870103491745
"185",0.761054325927442,-0.648688147715933,0.039140909439948
"186",0.841040162994229,0.540972683442187,0.518697406381684
"187",0.970205957052269,0.242281656136592,0.538567194976425
"188",0.777838998587516,-0.628463596619861,0.0374648779898627
"189",0.819192517055376,0.573518630909648,0.061387194348554
"190",0.833736015743463,0.552163251269238,0.0676528131369813
"191",0.857456104256415,-0.514557119543994,0.785269215953972
"192",0.738178309375088,-0.674605650412252,-0.184085474128582
"193",0.770824868050062,-0.637047111912145,0.0381749723037361
"194",0.783443808637792,-0.621462628568372,0.0368870103491745
"195",0.763678786526619,-0.645596399470468,0.699326408459904
"196",0.863020415501958,0.505169043416982,-0.133879270308108
"197",0.863241746503006,0.504790735943559,-0.133764537033036
"198",0.956394332196875,-0.292078553375105,0.841290463666317
"199",0.833340138217889,0.552760539506022,0.0674796373249327
"200",0.778722016394278,-0.627369126737067,0.0373744626214644
"201",0.775996258498983,-0.630737510217665,0.0376528201587434
"202",0.768126010721832,-0.640298705021777,0.0384444389838565
"203",0.755281207199349,-0.655400868210818,0.0396994738381816
"204",0.778722016394278,-0.627369126737067,0.0373744626214644
"205",0.705528531908757,-0.708681515677299,-0.215714501117012
"206",0.726102839932288,-0.687586115219225,0.694561677036989
"207",0.70654275631376,-0.70767035652241,-0.214744255543047
"208",0.700445799275214,-0.713705599163763,0.675114386651189
"209",0.717476253692368,-0.696582963750597,-0.205164095219261
"210",0.98171611215046,-0.190350926302412,0.892167848603215
"211",0.367939809125224,-0.929849609808432,0.0143954123092435
"212",0.957436369574923,-0.288644414834569,0.869006993002196
"213",0.85803461230486,-0.513591865284924,-0.0164162684408881
"214",0.322056641213903,0.946720402151564,0.00038589075187747
"215",0.0775312269901619,0.996989924142366,0.0938588270737127
"216",0.780795385803695,-0.62478681604821,0.0371612479876934
"217",0.826746564865628,0.562574543934299,0.0646173137698902
"218",0.0775312269901619,0.996989924142366,0.140905435870337
"219",0.896748703936669,0.442540124720803,0.617424874662277
"220",0.778722016394278,-0.627369126737067,0.0373744626214644
"221",0.834537072659337,0.550951789503569,0.0680037017240377
"222",0.778722016394278,-0.627369126737067,0.0373744626214644
"223",0.813462900276955,0.581616806731893,-0.202407446283127
"224",0.778722016394278,-0.627369126737067,0.0373744626214644
"225",0.755088454942036,-0.655622929139341,0.0397179714468653
"226",0.818798412352526,-0.574081144028422,0.0470365241061274
"227",0.842584876634127,0.538563576253957,0.0715645575034767
"228",0.415479652372428,-0.909602472767355,0.459957419166719
"229",0.813073087723915,-0.582161621905033,0.0417445170438111
"230",0.778722016394278,-0.627369126737067,0.0373744626214644
"231",0.789909145713215,-0.613223891836104,0.0362084427528576
"232",0.815240180153631,-0.579122999597732,0.0437394205391193
"233",0.835066910833545,0.550148393100371,0.0682361335521434
"234",0.680309447729526,0.732924999798716,0.785589735593702
"235",0.450410470675821,0.89282159914822,0.0114313552036294
"236",0.784729871816129,0.619837904842421,0.537939220067154
"237",0.969076258654887,0.246761433192966,0.249530275666804
"238",0.744162436094617,-0.667998704119794,0.0407509356944171
"239",0.794555198854818,-0.607191926801387,0.0357126161485089
"240",0.813524843503872,0.581530161730241,-0.19575669040612
"241",0.863241746503006,0.504790735943559,-0.133764537033036
"242",0.8025535754056,-0.596580052133566,0.0348422935642171
"243",0.800987516830928,-0.598681048540059,0.0350144078532771
"244",0.915222984601141,0.402947749041708,0.572542667967864
"245",0.778722016394278,-0.627369126737067,0.0373744626214644
"246",0.795568108295672,-0.605864163870786,0.0356035843065045
"247",0.790672558107811,-0.612239255402045,0.0361274494634024
"248",0.797414343460266,0.603432154300575,0.0523436559583475
"249",0.778722016394278,-0.627369126737067,0.0373744626214644
"250",0.833340138217889,0.552760539506022,0.0674796373249327
"251",0.777308137924547,-0.629120067011277,0.790318063110443
"252",0.778722016394278,-0.627369126737067,0.0373744626214644
"253",0.763376530109087,-0.645953770233296,0.0389137134131601
"254",0.721893563620335,-0.692004106059735,0.727991708357034
"255",0.783443808637792,-0.621462628568372,0.0368870103491745
"256",0.906263570527653,0.422713071402423,0.608449343497089
"257",0.778722016394278,-0.627369126737067,0.0373744626214644
"258",0.870382056205883,-0.492376965581067,0.716336208061876
"259",0.863241746503006,0.504790735943559,-0.133764537033036
"260",0.773809801003964,-0.633418023007086,0.0378745282409775
"261",0.995925798558259,0.0901765144929339,0.254790724161251
"262",0.83346042009392,0.552579160063847,0.0675322382565061
"263",0.0186244563706898,0.999826549769957,0.239528294452491
"264",0.778722016394278,-0.627369126737067,0.0373744626214644
"265",0.778722016394278,-0.627369126737067,0.0373744626214644
"266",0.0775312269901619,0.996989924142366,0.127973015874081
"267",0.778574507376352,-0.62755217827976,0.660859372771139
"268",0.990995132809893,0.133897896723971,0.187098734995491
"269",0.778722016394278,-0.627369126737067,0.0373744626214644
"270",0.778722016394278,-0.627369126737067,0.0373744626214644
"271",0.863241746503006,0.504790735943559,-0.133764537033036
"272",0.175059140891658,0.98455791967272,0.796506223477102
"273",0.816100978809833,-0.577909328861918,0.0445345680806255
"274",0.785575371179939,-0.618765978537525,0.0366647330974016
"275",0.787340803282982,-0.616518012296241,0.0364795685958055
"276",0.833961249139248,0.551823010515242,-0.181150232275964
"277",0.990207462313225,0.139603658903349,0.213522557562864
"278",0.833340138217889,0.552760539506022,-0.181509661086061
"279",0.776523072271016,-0.630088817731899,0.0375991921582927
"280",0.76876876100779,-0.639526850177964,0.0383804500238627
"281",0.408192111050692,0.912896051298273,0.851801734713117
"282",0.0801851846854413,-0.996779983826402,0.131410204604707
"283",0.784397926487105,-0.620257924514254,0.036787689054135
"284",0.778722016394278,-0.627369126737067,0.0373744626214644
"285",0.968243091589885,0.250010630950887,0.274767225039228
"286",0.772214838266857,-0.63536150619981,0.0380353848175772
"287",0.833340138217889,0.552760539506022,0.0674796373249327
"288",0.863241746503006,0.504790735943559,-0.133764537033036
"289",0.783443808637792,-0.621462628568372,0.0368870103491745
"290",0.778722016394278,-0.627369126737067,0.0373744626214644
"291",0.778722016394278,-0.627369126737067,0.0373744626214644
"292",0.778722016394278,-0.627369126737067,0.0373744626214644
"293",0.80930637329101,0.587386750063834,-0.201323386169245
"294",0.976434200982786,0.215815317230052,-0.359455733271845
"295",0.604942824226728,0.796268911496983,0.011255600878463
"296",0.826267493954929,-0.563277931782741,0.054047691000986
"297",0.997695232837879,0.0678544204350121,-0.0872441000090861
"298",0.783443808637792,-0.621462628568372,0.0368870103491745
"299",0.708805110036277,-0.70540436345862,0.751193569592864
"300",0.778722016394278,-0.627369126737067,0.0373744626214644
"301",0.772884647425302,-0.634546548154087,0.0379679218575932
"302",0.758473037994662,-0.651704419683607,0.0393917491176276
"303",0.625784421701694,-0.779996062525624,-0.0230153733844673
"304",0.778722016394278,-0.627369126737067,0.0373744626214644
"305",0.775996184824905,-0.630737600858861,0.0376528276528412
"306",0.0775312269901619,0.996989924142366,0.230946888251572
"307",0.927755659251509,0.373188205503333,-0.0940602784789465
"308",0.759343301663405,-0.650690210637074,0.0393073792531488
"309",0.34020107656991,-0.940352714411286,0.0569927554124091
"310",0.778722016394278,-0.627369126737067,0.0373744626214644
"311",0.821481347454485,-0.570235386296189,0.793529902384001
"312",0.76007350906466,-0.64983710329446,-0.250851332830168
"313",0.863241746503006,0.504790735943559,-0.133764537033036
"314",0.833340138217889,0.552760539506022,0.0674796373249327
"315",0.0775312269901619,0.996989924142366,0.140905435870337
"316",0.82092754806453,-0.571032364081721,0.0490224948188005
"317",0.999887054837398,0.0150292238187279,0.334309813237382
"318",0.829148711974079,0.559028097175558,0.50990906270838
"319",0.833869556682244,0.551961558841336,-0.181203346356377
"320",0.833994583169244,0.551772630024687,-0.181130918548526
"321",0.833340138217889,0.552760539506022,0.0674796373249327
"322",0.863241746503006,0.504790735943559,-0.133764537033036
"323",0.833340138217889,0.552760539506022,0.0674796373249327
"324",0.828901034966545,0.559395275481829,-0.184054384041905
"325",0.785875963752629,-0.618384160207776,0.0366332745581625
"326",0.837622181428123,0.546250017098026,0.0693609982330703
"327",0.882575775711859,-0.47017018209007,0.837759346077895
"328",0.910185276285078,-0.414201355422523,0.855640433798687
"329",0.863241746503006,0.504790735943559,-0.133764537033036
"330",0.833340138217889,0.552760539506022,0.0674796373249327
"331",0.435994128438132,0.899949509676778,-0.109241467456315
"332",0.799730997065199,-0.600358503173815,0.0351518948072806
"333",0.778722016394278,-0.627369126737067,0.0373744626214644
"334",0.819424842674642,-0.573186642558633,0.763122514773024
"335",0.833340138217889,0.552760539506022,-0.181509661086061
"336",0.863241746503006,0.504790735943559,-0.133764537033036
"337",0.985225765594361,0.171260593275294,0.204246491612468
"338",0.836800360377982,0.5475081340686,-0.179496493720311
"339",0.783443808637792,-0.621462628568372,0.0368870103491745
"340",0.846738864473592,-0.53200873619704,0.831823736035689
"341",0.835071002360767,0.550142182545734,0.0682379295170105
"342",0.652622206363139,0.757683479931896,0.620812217915654
"343",0.55549317668248,0.831521094536517,0.0432170570525589
"344",0.998948476713031,0.0458469287162728,-0.0967684848196203
"345",0.954089841836911,-0.299520573089091,0.153238041793371
"346",0.329164798427549,-0.944272490055784,0.202536185594732
"347",0.833924767870042,0.551878140111472,0.0677354361261924
"348",0.458248852935372,-0.88882393576198,-0.0179798328567663
"349",0.906991269858746,-0.421149422889334,0.778100835328987
"350",0.779900573899454,-0.625903422926654,-0.193264840388646
"351",0.778722016394278,-0.627369126737067,0.0373744626214644
"352",0.833340138217889,0.552760539506022,-0.181509661086061
"353",0.778722016394278,-0.627369126737067,0.0373744626214644
"354",0.800294957505303,-0.599606521805413,0.0350902535363672
"355",0.957942704316607,0.286959535904604,0.327631445100265
"356",0.813458237453642,-0.581623328210633,0.806565977242759
"357",0.107658291826156,0.994187956173819,0.0109483574985172
"358",0.89269779245845,-0.450655801404809,-0.376612463611666
"359",0.0999974986405543,0.994987688499527,-0.0246409128311052
"360",0.758101455260404,0.652136629497268,0.570980219093893
"361",0.192314740295086,-0.981333297440393,-0.100001840778538
"362",0.945526681701259,0.325544611675584,0.576083140603979
"363",0.801472457608047,-0.598031687869228,0.0349612017318533
"364",0.778722016394278,-0.627369126737067,0.0373744626214644
"365",0.838603453443924,0.544742368346656,0.345779659910068
"366",0.833340138217889,0.552760539506022,0.0674796373249327
"367",0.861108883993568,-0.508420583677876,-0.0120474230747218
"368",0.776758087549418,-0.629799073853376,0.65977776208794
"369",0.888140881237411,0.459571294876905,0.413518670242996
"370",0.99950948033483,-0.0313177061867275,0.375867851182776
"371",0.816544372255086,0.57728267611158,-0.190924869675637
"372",0.988274006943036,0.152690822254503,0.198333886817308
"373",0.778722016394278,-0.627369126737067,0.0373744626214644
"374",0.876577235201167,-0.48126120841709,0.0106544226987806
"375",0.828901034966545,0.559395275481829,-0.184054384041905
"376",0.783443808637792,-0.621462628568372,0.0368870103491745
"377",0.783443808637792,-0.621462628568372,0.0368870103491745
"378",0.870400203437644,-0.492344885071133,0.829720084232654
"379",0.85803461230486,-0.513591865284924,-0.0164162684408881
"380",0.458248852935372,-0.88882393576198,-0.0179798328567663
"381",0.778722016394278,-0.627369126737067,0.0373744626214644
"382",0.776684226381753,-0.629890159067259,0.037582770887928
"383",0.833340138217889,0.552760539506022,0.0674796373249327
"384",0.990753164569812,0.135676699896865,0.214450778079241
"385",0.778722016394278,-0.627369126737067,0.0373744626214644
"386",0.778722016394278,-0.627369126737067,0.0373744626214644
"387",0.798046073132866,-0.602596436396045,0.0353354159158599
"388",0.778722016394278,-0.627369126737067,0.0373744626214644
"389",0.783318331741765,-0.621620777610673,0.0369000513955713
"390",0.778722016394278,-0.627369126737067,0.0373744626214644
"391",0.778722016394278,-0.627369126737067,0.0373744626214644
"392",0.778722016394278,-0.627369126737067,0.0373744626214644
"393",0.783443808637792,-0.621462628568372,0.0368870103491745
"394",0.778722016394278,-0.627369126737067,0.0373744626214644
"395",0.778722016394278,-0.627369126737067,0.0373744626214644
"396",0.778722016394278,-0.627369126737067,0.0373744626214644
"397",0.778722016394278,-0.627369126737067,0.0373744626214644
"398",0.993466418286637,0.11412482524289,0.138066983637389
"399",0.778722016394278,-0.627369126737067,0.0373744626214644
"400",0.458248852935372,-0.88882393576198,0.161417195421688
"401",0.772750722775191,-0.634709634754681,0.0379814210166108
"402",0.833340138217889,0.552760539506022,0.0674796373249327
"403",0.778722016394278,-0.627369126737067,0.0373744626214644
"404",0.833340138217889,0.552760539506022,0.0674796373249327
"405",0.908383214231171,-0.418138656551922,0.831294851973298
"406",0.787168601681316,-0.616737863704737,-0.183620484686251
"407",0.749792389966414,-0.661673160970318,-0.173426327444195
"408",0.722186073971861,-0.691698832268141,0.626587060968066
"409",0.0775312269901619,0.996989924142366,0.110449036076381
"410",0.994344164931032,0.106205845731807,0.130706959706164
"411",0.957212060816435,-0.289387405786005,0.00288706221521918
"412",0.833340138217889,0.552760539506022,0.0674796373249327
"413",0.838603453443924,0.544742368346656,0.345779659910068
"414",0.838603453443924,0.544742368346656,0.345779659910068
"415",0.839861571843837,0.542800644933293,0.34546550549765
"416",0.82152929248499,0.57016631046486,0.353831167687314
"417",0.902921722532776,-0.429805029028795,0.777467185628998
"418",0.869780791667547,-0.493438318785818,0.755330265248055
"419",0.0775312269901619,0.996989924142366,0.230946888251572
"420",0.968678769326126,0.248317220218056,0.300528472309218
"421",0.778722016394278,-0.627369126737067,0.0373744626214644
"422",0.853147259336601,0.521670158132939,0.487156119950609
"423",0.834588390181776,0.55087405000943,0.0680262018607841
"424",0.833340138217889,0.552760539506022,0.0674796373249327
"425",0.0775312269901619,0.996989924142366,0.140905435870337
"426",0.141069222153692,-0.989999734626708,0.0384439387748772
"427",0.778722016394278,-0.627369126737067,0.0373744626214644
"428",0.986288972272108,0.165027461879617,0.203515758728443
"429",0.778722016394278,-0.627369126737067,0.0373744626214644
"430",0.778722016394278,-0.627369126737067,0.0373744626214644
"431",0.767081372866729,0.641549816772551,0.521937869513712
"432",0.778722016394278,-0.627369126737067,0.0373744626214644
"433",0.792124670069933,-0.610359326189581,0.0359728732512788
"434",0.892366541740651,0.451311372759242,0.469225577745507
"435",0.869500702638697,0.493931703893171,0.483303059249457
"436",0.92811619521557,0.372290650135851,0.404959362534448
"437",0.876553365085975,0.48130468328955,0.326648168161269
"438",0.807210571548071,0.590263579412652,0.0563644926559092
"439",0.87326366228203,0.487247961655845,0.114590683634416
"440",0.778722016394278,-0.627369126737067,0.0373744626214644
"441",0.786679537282318,-0.617361567982068,0.697603619046819
"442",0.932964379085022,-0.359968703304188,0.747369694148856
"443",0.420758129403599,-0.907172859239508,0.464067327578301
"444",0.687429857476667,0.726250776970055,0.538713019945663
"445",0.776684226381753,-0.629890159067259,0.037582770887928
"446",0.076864142126058,0.997041575690415,0.522310416004109
"447",0.778722016394278,-0.627369126737067,0.0373744626214644
"448",0.778722016394278,-0.627369126737067,0.0373744626214644
"449",0.726225217361954,-0.687456859495621,-0.296881096001531
"450",0.778722016394278,-0.627369126737067,0.0373744626214644
"451",0.0775312269901619,0.996989924142366,0.0938588270737127
"452",0.871340387728309,0.49067904857807,0.550636508628174
"453",0.772299542051833,0.635258543702113,0.43753122402075
"454",0.973540462612811,-0.228514698992503,0.83586544902743
"455",0.844458345739558,-0.535621230265203,-0.322795757352073
"456",0.836517517642604,0.547940181659509,0.0688739117626204
"457",0.778722016394278,-0.627369126737067,0.0373744626214644
"458",0.0617998953187551,-0.998088559667223,0.130980144564704
"459",0.34260754021903,-0.939478617843464,-0.0585727390488663
"460",0.833340138217889,0.552760539506022,0.0674796373249327
"461",0.524924665155874,0.851148692010387,0.0414487297353809
"462",0.79111888820691,-0.611662410748169,0.036080010176213
"463",0.95916006184756,-0.282863882029122,-0.215593935148604
"464",0.835071002360767,0.550142182545734,-0.180505934453638
"465",0.775996258498983,-0.630737510217665,0.0376528201587434
"466",0.77447368455241,-0.632606127014127,0.0378073571062886
"467",0.81353874307617,-0.581510716594325,0.683636864823299
"468",0.868229853710173,-0.496162192358922,-0.00175094092718034
"469",0.885885181681935,0.463904564405617,0.47868859576501
"470",0.813350499561023,-0.58177398090997,0.0419993384229004
"471",0.802045262463175,-0.597263255993852,0.0348982512736284
"472",0.800502543705741,-0.599329356464905,0.0350675369241552
"473",0.820057588334632,-0.572281007735525,0.048209833928674
"474",0.825002661995259,-0.565128841681909,0.821994484256174
"475",0.810384453736179,-0.585898487063003,0.709999029344765
"476",0.863241746503006,0.504790735943559,-0.133764537033036
"477",0.833340138217889,0.552760539506022,-0.181509661086061
"478",0.778722016394278,-0.627369126737067,0.0373744626214644
"479",0.536150947237288,-0.844122124918284,-0.333069903580262
"480",0.863241746503006,0.504790735943559,-0.133764537033036
"481",0.778722016394278,-0.627369126737067,0.0373744626214644
"482",0.778722016394278,-0.627369126737067,0.0373744626214644
"483",0.999889962158565,0.0148345399167845,0.334189255050127
"484",0.999966534658547,0.00818104901439646,0.331210999861097
"485",0.778722016394278,-0.627369126737067,0.0373744626214644
"486",0.930814641606108,0.365491590835812,0.392011530023282
"487",0.778722016394278,-0.627369126737067,0.0373744626214644
"488",0.449093770656622,0.893484630621824,0.0121242601174324
"489",0.657133586111566,0.75377413726139,0.00103999883028653
"490",0.812745944956842,-0.582618253195187,0.0414442201164195
"491",0.717138652974599,-0.696930521938721,0.0431824382637122
"492",0.834588390181776,0.55087405000943,0.0680262018607841
"493",0.997494000100718,0.0707511113910583,0.149066915841461
"494",0.863525992686,0.504304332675873,-0.133617025866393
"495",0.994575800409285,0.104014312670081,0.151804173482452
"496",0.997022157209676,0.0771156147156001,0.152919512948666
"497",0.992337463343182,0.1235571076289,0.180900185008114
"498",0.789522179175541,-0.613722028763759,0.0362494264522758
"499",0.813596535392304,-0.581429856128527,0.0422254730220475
"500",0.883545811697185,0.468344743359378,0.120928095534975
"501",0.793597936567283,0.608442532270839,-0.225795843487764
"502",0.558814713535753,0.829292539418964,0.765890033317621
"503",0.833340138217889,0.552760539506022,0.0674796373249327
"504",0.833340138217889,0.552760539506022,0.0674796373249327
"505",0.82874626904364,-0.559624536226072,0.0564024497271474
"506",0.833340138217889,0.552760539506022,-0.181509661086061
"507",0.827071896799823,0.562096146156459,-0.185090850124784
"508",0.872029277033541,0.489453715887784,-0.129116212547465
"509",0.999124072347867,0.0418460040507267,0.11071333335472
"510",0.833340138217889,0.552760539506022,-0.181509661086061
"511",0.991982701655256,0.12637372993126,0.149447299661139
"512",0.778722016394278,-0.627369126737067,0.0373744626214644
"513",0.794728326224937,-0.606965309960718,0.0356940042710198
"514",0.833924767870042,0.551878140111472,0.0677354361261924
"515",0.838603453443924,0.544742368346656,0.345779659910068
"516",0.832360972600188,-0.554233895834664,-0.0512622851237385
"517",0.863241746503006,0.504790735943559,-0.133764537033036
"518",0.778722016394278,-0.627369126737067,0.0373744626214644
"519",0.564732438081403,0.825274059557572,0.426176164417498
"520",0.786679537282318,-0.617361567982068,0.669251904634028
"521",0.778722016394278,-0.627369126737067,0.0373744626214644
"522",0.999927711812949,0.01202377430424,0.204543537604769
"523",0.833340138217889,0.552760539506022,0.0674796373249327
"524",0.816236799571159,0.57771748028412,0.0601369985532011
"525",0.759890968472062,0.650050548830314,-0.296725759745583
"526",0.79033923660191,-0.612669479480992,0.0361628357096867
"527",0.848815951174169,0.528688453658948,0.34314130647918
"528",0.830052988982946,-0.557684530429595,0.0576495659426
"529",0.856436931100247,0.516251666387228,0.08939254022117
"530",0.838603453443924,0.544742368346656,0.345779659910068
"531",0.81295436993009,0.582327392805431,0.0587573194576931
"532",0.828901034966545,0.559395275481829,-0.184054384041905
"533",0.785853439721207,-0.618412783889812,0.0366356327856371
"534",0.80001035828021,-0.599986188711349,0.0351213739656391
"535",0.778722016394278,-0.627369126737067,0.0373744626214644
"536",0.79033923660191,-0.612669479480992,0.0361628357096867
"537",0.778722016394278,-0.627369126737067,0.0373744626214644
"538",0.852807898621118,-0.522224748599139,-0.0237435055379623
"539",0.853633214932686,-0.520874586022092,0.0808936210757933
"540",0.991585137794365,0.129456226213071,0.213966073815308
"541",0.844559004124004,-0.53546249967021,0.742587795693871
"542",0.833340138217889,0.552760539506022,0.0674796373249327
"543",0.838603453443924,0.544742368346656,0.345779659910068
"544",0.70614318278845,0.708069068242214,0.540927540006628
"545",0.875820590441877,-0.482636813098672,0.104242841757401
"546",0.874814284374563,-0.484458427374549,0.00800275831548714
"547",0.939796328991931,-0.341735072846335,0.0858292111384689
"548",0.733875802070997,-0.679283672065398,0.0416964944647935
"549",0.79033923660191,-0.612669479480992,0.0361628357096867
"550",0.79033923660191,-0.612669479480992,0.0361628357096867
"551",0.772308438478005,-0.635247727942151,0.0380259651776246
"552",0.584624259540316,-0.811304181646401,-0.0251585906646436
"553",0.833855207684702,0.551983235811653,0.067704983309562
"554",0.130331960261592,0.991470413141195,0.0491812711006666
"555",0.0955106624827741,-0.995428406944518,0.0418337020516488
"556",0.892526742091909,0.450994472971458,0.722762783478721
"557",0.804893982600867,-0.593418635343478,0.687301464437468
"558",0.778722016394278,-0.627369126737067,0.0373744626214644
"559",0.778722016394278,-0.627369126737067,0.0373744626214644
"560",0.833340138217889,0.552760539506022,0.0674796373249327
"561",0.833340138217889,0.552760539506022,0.0674796373249327
"562",0.833340138217889,0.552760539506022,0.0674796373249327
"563",0.538399277674357,0.842689870474145,0.164539602516256
"564",0.875444680902765,0.4833183326536,0.504513995091766
"565",0.833340138217889,0.552760539506022,-0.181509661086061
"566",0.833340138217889,0.552760539506022,-0.181509661086061
"567",0.871095554447726,0.49111356631782,-0.129618989135514
"568",0.783443808637792,-0.621462628568372,0.0368870103491745
"569",0.783443808637792,-0.621462628568372,0.0368870103491745
"570",0.833340138217889,0.552760539506022,0.0674796373249327
"571",0.731618666183139,0.681714109647442,-0.306301900901362
"572",0.778722016394278,-0.627369126737067,0.0373744626214644
"573",0.833340138217889,0.552760539506022,-0.181509661086061
"574",0.843567740365112,0.537022781095271,-0.175481171977259
"575",0.840859905565564,0.541252823745309,-0.353899887174826
"576",0.75122141830286,-0.660050286480537,0.0400870392133363
"577",0.720123451116895,-0.693845959238427,-0.202237132485315
"578",0.713456741120956,-0.700699278256418,-0.208249231978521
"579",0.0536011856672111,0.998562423133912,-0.103286794217385
"580",0.999699271560417,-0.0245227739371015,0.91104753534379
"581",0.00761345903195992,0.999971017200783,-0.17878533635556
"582",0.813839203639958,0.581090139839491,0.059128344510939
"583",0.812360920853623,-0.583154983061838,0.041091076122951
"584",0.794483160531514,-0.607286182645264,0.0357203576519721
"585",0.88281963380227,0.469712139691137,0.329113937029259
"586",0.838603453443924,0.544742368346656,0.345779659910068
"587",0.833340138217889,0.552760539506022,0.0674796373249327
"588",0.778722016394278,-0.627369126737067,0.0373744626214644
"589",0.833505922343208,0.552510522450748,0.0675521406887746
"590",0.7232577050071,0.690578230288114,0.0239640982882426
"591",0.833340138217889,0.552760539506022,0.0674796373249327
"592",0.144239014147735,-0.989542877695398,-0.160728064985558
"593",0.851868633114534,0.523755507766339,-0.139520814570993
"594",0.850420863679599,0.526102988604365,-0.140234000297865
"595",0.833340138217889,0.552760539506022,-0.181509661086061
"596",0.771370907046595,0.636385829322207,-0.259738040342788
"597",0.837403229941686,0.546585611302779,-0.179143028369547
"598",0.778722016394278,-0.627369126737067,0.0373744626214644
"599",0.833869556682244,0.551961558841336,0.0677112647835836
"600",0.988168500748084,0.153372142611637,0.198740480785201
"601",0.910523265922902,0.413457836076537,0.587884538610768
"602",0.876554707726108,0.481302238061697,-0.126648093044954
"603",0.833340138217889,0.552760539506022,-0.181509661086061
"604",0.999891848968012,0.014706813636216,0.338026103211273
"605",0.868072527278612,0.496437395231386,0.502367323588016
"606",0.833340138217889,0.552760539506022,0.0674796373249327
"607",0.833340138217889,0.552760539506022,-0.181509661086061
"608",0.915548913688211,-0.402206646693384,0.150960337256689
"609",0.833340138217889,0.552760539506022,-0.181509661086061
"610",0.979827357462997,-0.19984581448477,0.193686743647387
"611",0.834810730596648,0.550537050597587,0.0681237167625293
"612",0.901333541862341,-0.433125670347403,0.0225880130690686
"613",0.0332490259073517,0.999447098287954,0.806586398217475
"614",0.746381499643126,-0.665518337080563,0.0405435786969829
"615",0.877786651304694,-0.479051766295974,0.0124836744203826
"616",0.801355256666936,-0.598188726584068,0.0349740680362529
"617",0.778722016394278,-0.627369126737067,0.0373744626214644
"618",0.759524632455002,-0.650478541301782,0.0392897742736161
"619",0.783443808637792,-0.621462628568372,0.0368870103491745
"620",0.838603453443924,0.544742368346656,0.345779659910068
"621",0.651875284675917,-0.758326191838771,-0.234589191065284
"622",0.0833296291704209,-0.996522038342515,0.0105076121313424
"623",0.034740296868737,-0.999396373704384,0.0403773727907811
"624",0.792802514896144,-0.609478606986619,0.0359004841078877
"625",0.878034563153598,0.478597227225221,0.453851678649676
"626",0.778722016394278,-0.627369126737067,0.0373744626214644
"627",0.778722016394278,-0.627369126737067,0.0373744626214644
"628",0.885826125656201,-0.46401732198801,-0.132113909537547
"629",0.8429710594761,-0.537958913752475,-0.0372095193568227
"630",0.783443808637792,-0.621462628568372,0.0368870103491745
"631",0.834314300980159,-0.551289077689726,-0.0487339463579147
"632",0.830314707562297,-0.557294793090459,-0.0538585263451203
"633",0.821978221091063,-0.569518923348445,0.0500061911926866
"634",0.814080407884541,-0.580752175629623,0.042670575142273
"635",0.825367563773862,-0.564595771034464,0.0531962907839591
"636",0.822434273417011,-0.568860146177453,0.0504339338962497
"637",0.828255745360869,-0.560350265705935,0.0559353347240096
"638",0.820528898960582,-0.571605043688853,0.0486498958760506
"639",0.82367556089134,-0.567061346231902,0.0516005209963157
"640",0.727801819287978,-0.685787512164745,-0.33592473658707
"641",0.861915866474337,-0.50705131803378,-0.0108931518694295
"642",0.816572922913916,0.5772422901727,0.0602787926917536
"643",0.837733145794,0.546079826067663,0.0694099941818404
"644",0.763282432831291,-0.646064956278504,0.0389229480242705
"645",0.907830268745121,0.419337815072958,0.563982067285788
"646",0.871875593450877,0.489727423721278,0.11374980955351
"647",0.833340138217889,0.552760539506022,0.0674796373249327
"648",0.794555198854818,-0.607191926801387,0.0357126161485089
"649",0.819343969218322,-0.573302241497071,0.0475444540700895
"650",0.860523907214568,0.509410055959022,0.458627285730112
"651",0.688684581968687,-0.725061064020552,0.0455711072589241
"652",0.764435417330845,-0.644700312339165,0.652397684174116
"653",0.833340138217889,0.552760539506022,0.0674796373249327
"654",0.833340138217889,0.552760539506022,0.0674796373249327
"655",0.981737291221629,-0.190241664797222,0.230351321021247
"656",0.997695232837879,0.0678544204350121,-0.0872441000090861
"657",0.876975714567479,0.480534698080023,-0.126415781055938
"658",0.555150153109434,-0.831750147281365,-0.296432374299214
"659",0.833340138217889,0.552760539506022,-0.181509661086061
"660",0.736004850536314,-0.676976262498929,-0.272169956030542
"661",0.738960902033787,0.673748310027871,-0.297299083617128
"662",0.986980401741687,0.160840562601035,-0.387041284983373
"663",0.76717307080606,0.641440160443669,-0.305325610316778
"664",0.809779060268227,0.586734926138803,-0.19988183161676
"665",0.92860501969935,0.371069693439346,-0.342512883405224
"666",0.811608822765594,0.584201265668817,-0.197743887060484
"667",0.814082314649937,0.580749502775681,-0.195417654261008
"668",0.800641710616652,0.599143431259028,0.0536601699145242
"669",0.821295338085904,0.570503258218882,0.0622812534365469
"670",0.816435465203662,0.577436690172766,-0.190984089637758
"671",0.927960155253587,-0.37267942022835,-0.0542493476378515
"672",0.989217421925641,0.146454403002398,0.211893949664046
"673",0.800987516830928,-0.598681048540059,0.0350144078532771
"674",0.798752763424501,0.601659391119032,0.399656160130926
"675",0.0789404347752677,0.996879334602484,0.522683421553003
"676",0.989022145979923,0.147767367037748,0.19539418548551
"677",0.882565025146315,0.470190361862601,0.329013686289143
"678",0.800987516830928,-0.598681048540059,0.0350144078532771
"679",0.783443808637792,-0.621462628568372,0.0368870103491745
"680",0.812346182356562,-0.583175513898449,0.0410775640790546
"681",0.812346182356562,-0.583175513898449,0.0410775640790546
"682",0.96933249997682,-0.245752933835362,0.0273068652003696
"683",0.817954921090996,-0.575282319442395,0.0462524778616231
"684",0.401268907702706,-0.915960295925035,0.218274391469852
"685",0.832469446064483,-0.554070953370678,0.0599664754179742
"686",0.821525273354383,-0.570172101422023,0.0495818176820522
"687",0.833340138217889,0.552760539506022,-0.181509661086061
"688",0.825841503552984,-0.563902306263546,0.0536444417256376
"689",0.841853386320801,-0.539706286733997,0.069100032715032
"690",0.822647057571569,0.568552388675696,-0.187569778425591
"691",0.754128386894464,0.656727017930551,-0.301120672881119
"692",0.951595643338336,0.307352780334747,-0.372847259875265
"693",0.754620180830543,0.656161857077413,-0.30127962259835
"694",0.909938132667697,0.414744011068544,-0.209344953731859
"695",0.353094459860871,0.935587677567185,-0.0382999592458553
"696",0.190043285232563,0.981775712542338,0.0373388048407355
"697",0.762033263891023,0.647537878987473,0.637975537304672
"698",0.89256592847248,-0.450916913998643,0.00863524710178373
"699",0.792124670069933,-0.610359326189581,0.0359728732512788
"700",0.790940874002314,-0.611892583573666,0.0360989385158214
"701",0.834601807337932,-0.550853722133432,-0.0483558492404997
"702",0.802045262463175,-0.597263255993852,0.0348982512736284
"703",0.833340138217889,0.552760539506022,-0.181509661086061
"704",0.778722016394278,-0.627369126737067,0.0373744626214644
"705",0.784729871816129,0.619837904842421,0.537939220067154
"706",0.833340138217889,0.552760539506022,-0.181509661086061
"707",0.974931298542299,-0.222506096821247,0.209351125901267
"708",0.908533359456531,-0.417812320012981,0.142134990818586
"709",0.84891751706659,-0.528525353429233,0.828935744245429
"710",0.842046284649485,-0.539405278531827,-0.0384547486969009
"711",0.854951333638817,-0.518708219627574,-0.0207536599480665
"712",0.856673123250008,-0.515859631974704,-0.0183369241888007
"713",0.839950796169957,-0.542662565516965,-0.0412636792633861
"714",0.79033923660191,-0.612669479480992,0.0361628357096867
"715",0.836263316230864,0.548328064142771,-0.179810681498089
"716",0.778722016394278,-0.627369126737067,0.0373744626214644
"717",0.826556624243122,0.562853575026236,0.0645354630004688
"718",0.785092917122553,-0.619378003713402,0.0367151657546714
"719",0.833340138217889,0.552760539506022,0.0674796373249327
"720",0.776684226381753,-0.629890159067259,0.037582770887928
"721",0.18406058247901,0.982914900679345,0.0218121445520962
"722",0.0242759698141422,0.999705295219337,0.0970094621039484
"723",0.815681758387232,0.578500880755003,0.0599030639840712
"724",0.816236799571159,0.57771748028412,0.0601369985532011
"725",0.995946042094739,0.0899526610825053,0.3797891198035
"726",0.827793876290277,0.561032350561283,0.356188602262109
"727",0.453517602582087,0.891247319293694,0.01051059196103
"728",0.827793876290277,0.561032350561283,0.356188602262109
"729",0.570638178299344,0.821201600989188,0.425314270397568
"730",0.822517162554844,0.568740289853575,0.0628025293106868
"731",0.0788173491592143,0.996889073804861,0.141207422740095
"732",0.822517162554844,0.568740289853575,0.0628025293106868
"733",0.822517162554844,0.568740289853575,0.0628025293106868
"734",0.822517162554844,0.568740289853575,0.0628025293106868
"735",0.592214593536795,-0.805780289658446,0.635876427081843
"736",0.745034686705741,-0.667025723346018,0.0406695752296103
"737",0.769948013961945,-0.638106617890816,-0.287238632333606
"738",0.544932689785791,-0.838479793198872,-0.168874299414617
"739",0.92075599255932,-0.390138952382483,-0.00192911932831438
"740",0.889464774622572,0.457003735986499,0.124669232168413
"741",0.833340138217889,0.552760539506022,0.0674796373249327
"742",0.822517162554844,0.568740289853575,0.0628025293106868
"743",0.822405045151732,0.568902400864135,0.0627546405377778
"744",0.97495244805512,-0.222413407939647,0.136651402511482
"745",0.976110388566583,0.21727519262998,0.387770320971219
"746",0.939639893494853,-0.342164975637457,0.661067596372755
"747",0.835442734986244,0.549577507326041,0.0684011694741091
"748",0.86016641876635,-0.51001346259356,-0.013391523140806
"749",0.468640299698526,0.883389081604745,-0.00972444063005465
"750",0.354507480500966,-0.935053178310655,0.208156820609583
"751",0.833340138217889,0.552760539506022,0.0674796373249327
"752",0.79033923660191,-0.612669479480992,0.0361628357096867
"753",0.778722016394278,-0.627369126737067,0.0373744626214644
"754",0.833340138217889,0.552760539506022,0.0674796373249327
"755",0.778722016394278,-0.627369126737067,0.0373744626214644
"756",0.0711881080754967,0.997462908216958,0.753174928606453
"757",0.830052988982946,-0.557684530429595,-0.05418950818314
"758",0.778722016394278,-0.627369126737067,0.0373744626214644
"759",0.838603453443924,0.544742368346656,0.345779659910068
"760",0.778722016394278,-0.627369126737067,0.0373744626214644
"761",0.830052988982946,-0.557684530429595,0.0576495659426
"762",0.833340138217889,0.552760539506022,0.0674796373249327
"763",0.329110858089748,-0.944291291438945,0.202524122428666
"764",0.882085508226706,0.471089329295871,0.328824893874281
"765",0.876975714567479,0.480534698080023,0.116856107277762
"766",0.0788173491592143,0.996889073804861,0.127493402225585
"767",0.724897536955708,-0.688856705647515,-0.338477330216299
"768",0.79033923660191,-0.612669479480992,0.0361628357096867
"769",0.184571524000612,-0.982819084332458,0.464215495457452
"770",0.822517162554844,0.568740289853575,0.0628025293106868
"771",0.833340138217889,0.552760539506022,0.0674796373249327
"772",0.919730314167353,-0.392550823717926,0.664423237880252
"773",0.773657796299439,-0.633603672831129,0.740391992312408
"774",0.824309970888632,0.566138739085733,0.349148448386921
"775",0.956606379557013,-0.291383312135105,0.651747346778224
"776",0.91585458749213,-0.401510117642905,0.664820667002959
"777",0.794339884815214,0.607473577525601,0.0510967551893963
"778",0.833340138217889,0.552760539506022,0.0674796373249327
"779",0.816236799571159,0.57771748028412,0.0601369985532011
"780",0.833340138217889,0.552760539506022,0.0674796373249327
"781",0.778722016394278,-0.627369126737067,0.313258185548099
"782",0.778722016394278,-0.627369126737067,0.313258185548099
"783",0.998832167973518,-0.0483145963588807,0.141309289492026
"784",0.872652000689866,-0.488342590495621,0.715706138467209
"785",0.937771883221117,-0.347251918698687,0.661490738977698
"786",0.915546451660841,-0.402212250995968,0.664849201578751
"787",0.824309970888632,0.566138739085733,0.349148448386921
"788",0.861345712929462,0.50801925437727,0.0970205729007884
"789",0.984930656428434,0.172949709532723,0.242289116006596
"790",0.825478142104271,-0.564434085529994,-0.366121939317616
"791",0.898587614655517,0.438794141697115,0.615957959825436
"792",0.876546980745647,-0.481316310284299,0.8249773185734
"793",0.885043269910598,0.465508765101105,0.49147885499693
"794",0.833340138217889,0.552760539506022,0.0674796373249327
"795",0.822517162554844,0.568740289853575,0.0628025293106868
"796",0.443111851162525,0.896466333645229,-0.12532439160488
"797",0.700964942155539,0.713195730405673,0.0160202686044498
"798",0.902330765959104,0.431044300279747,-0.270080925256243
"799",0.919773959844531,0.392448547954903,0.352793317519155
"800",0.830684737626863,0.556743088572988,0.34769035895763
"801",0.825235746741228,0.564788422597744,0.063967175300722
"802",0.803849148775744,0.594833208565655,0.0549764291030808
"803",0.0180375390816343,0.999837310357979,-0.187671645097273
"804",0.833340138217889,0.552760539506022,0.0674796373249327
"805",0.814669416648706,-0.579925634523305,0.0432130516004985
"806",0.75738967949706,-0.652963148570683,0.29598882761057
"807",0.822517162554844,0.568740289853575,0.0628025293106868
"808",0.915707691244955,-0.401845025096534,0.664834325141591
"809",0.822517162554844,0.568740289853575,0.0628025293106868
"810",0.778722016394278,-0.627369126737067,0.0373744626214644
"811",0.138080557098284,0.990421001267354,0.0501762805784998
"812",0.318210594216095,0.948020051332586,0.0951218698148825
"813",0.0995378749908692,0.995033774020913,0.0190274449778658
"814",0.150205038548603,0.988654867177931,0.0211603912843132
"815",0.206792436212003,0.978384836516544,0.0710576823598121
"816",0.337693852873892,-0.941256002228504,-0.191289289023346
"817",0.943001065685417,-0.33278970854906,0.660239295645941
"818",0.827939580369574,0.56081730648889,0.356243366592986
"819",0.934583243241658,-0.355744517107296,0.6621555930178
"820",0.816236799571159,0.57771748028412,0.0601369985532011
"821",0.826556624243122,0.562853575026236,0.0645354630004688
"822",0.778722016394278,-0.627369126737067,0.313258185548099
"823",0.822517162554844,0.568740289853575,0.0628025293106868
"824",0.716944139866608,-0.697130619260788,0.264131647590524
"825",0.54556589424346,-0.838067929847178,-0.0229205761338089
"826",0.917748290933189,0.397162529059843,0.590204834343412
"827",0.0775312269901619,0.996989924142366,0.140905435870337
"828",0.991036108080858,0.133594283111013,0.319828909197311
"829",0.990879188481835,0.13475323310993,0.320271042003551
"830",0.933849871250313,-0.357665231698265,0.662298702892816
"831",0.0775312269901619,0.996989924142366,0.140905435870337
"832",0.824309970888632,0.566138739085733,0.349148448386921
"833",0.453450575872576,0.891281423143571,0.247819430266163
"834",0.823071305620658,0.567938047557922,0.0630393856343359
"835",0.982016666991598,-0.188794241836747,0.598910582187772
"836",0.827793876290277,0.561032350561283,0.356188602262109
"837",0.83610168573616,0.5485744900277,0.346395602668467
"838",0.832388630568671,0.55419235622662,-0.2541743084812
"839",0.808989481390476,0.587823118803241,-0.200519714348918
"840",0.827793876290277,0.561032350561283,0.356188602262109
"841",0.460138479761279,0.887847159956588,-0.185080098395091
"842",0.822499987363047,0.568765127963897,0.0627951925337189
"843",0.822517162554844,0.568740289853575,0.0628025293106868
"844",0.833340138217889,0.552760539506022,0.0674796373249327
"845",0.822517162554844,0.568740289853575,0.0628025293106868
"846",0.501150793519542,0.865359972586399,-0.143108329705693
"847",0.841194172959885,-0.540733172071342,0.750836277296396
"848",0.619924979337085,0.784661086070869,0.39253935603573
"849",0.392536667594025,0.919736356025018,-0.135043748580674
"850",0.577517826155221,0.816378074468532,-0.178020557511998
"851",0.156009926676865,0.987755487344049,0.0251517732780201
"852",0.801110492130789,0.598516482143947,0.0538520532375808
"853",0.618542847136553,0.785751071431791,-0.190386934966192
"854",0.910924289914858,-0.412573554706444,0.145109995009083
"855",0.758306677051967,-0.651897985530255,-0.144327456513521
"856",0.916640718679699,-0.399712137491928,-0.328374557627291
"857",0.832579093182649,-0.553906177610575,-0.050984651788975
"858",0.846087211159464,-0.533044492619894,0.370534868535208
"859",0.840874432066669,-0.541230255525831,0.758475317444092
"860",0.874247380961358,-0.485480707013375,0.10253282907365
"861",0.828898863332819,0.559398493352959,0.667739853194241
"862",0.934820007369192,-0.355121885867746,0.662108625297419
"863",0.833279933131313,0.552851293785838,0.0674533140864142
"864",0.803849148775744,0.594833208565655,0.0549764291030808
"865",0.915718038910002,-0.401821444443697,0.66483336631776
"866",0.822517162554844,0.568740289853575,0.0628025293106868
"867",0.920808273210354,-0.390015543263811,0.748301507541567
"868",0.777673973553668,0.628667790535867,0.522370021648844
"869",0.928849613596749,-0.370457008735387,0.742642990486139
"870",0.716582347558367,-0.697502501191028,-0.314337436829808
"871",0.942297312720396,-0.334777201194946,0.660420111102561
"872",0.881549358659725,0.472091864202961,0.484665831440486
"873",0.943352491209228,0.331792220115757,0.413317405659664
"874",0.833078718906773,0.553154452304825,0.0673653634990906
"875",0.302494026643966,0.953151280670975,0.0230583770832148
"876",0.916241370943369,-0.400626696778704,0.664784223598018
"877",0.856449135615455,0.51623141913636,0.654328825268982
"878",0.0820777028360248,0.996625933185145,0.126276398675348
"879",0.816572922913916,0.5772422901727,0.0602787926917536
"880",0.93037221440736,0.366616342596379,0.432570627524696
"881",0.768134578211769,0.640288427004134,0.570211083516937
"882",0.860350571644574,-0.509702750503521,-0.013129226483667
"883",0.833340138217889,0.552760539506022,0.0674796373249327
"884",0.793436261756955,0.608653348408721,0.262919086088961
"885",0.916280311381284,-0.400537627414725,0.151897676054794
"886",0.533900022921358,0.845547612807566,-0.195530670032644
"887",0.575002049914347,0.818151967909568,-0.213025465602208
"888",0.485734648907175,0.87410631553091,-0.186577882073598
"889",0.774819733039461,-0.632182237406792,0.0377722935085345
"890",0.833340138217889,0.552760539506022,0.0674796373249327
"891",0.778722016394278,-0.627369126737067,0.0373744626214644
"892",0.778722016394278,-0.627369126737067,0.0373744626214644
"893",0.833340138217889,0.552760539506022,0.0674796373249327
"894",0.476259384366133,0.879304838382681,-0.00305270263874755
"895",0.833354357406565,0.552739102101064,0.0674858548402225
"896",0.833340138217889,0.552760539506022,0.0674796373249327
"897",0.833340138217889,0.552760539506022,0.0674796373249327
"898",0.833340138217889,0.552760539506022,0.0674796373249327
"899",0.843567740365112,0.537022781095271,0.0720040082051079
"900",0.868406916578937,-0.495852223185358,0.83420369405963
"901",0.7075260415267,0.706687272109494,0.33858697304841
"902",0.880355622002029,-0.474314219488959,0.401853974053766
"903",0.812483676760674,0.582983940599959,0.0585602156147866
"904",0.739209699763064,-0.67347532974579,0.682503817169617
"905",0.801609532937234,-0.597847937776949,0.728630111848433
"906",0.879215859826018,0.476423626440163,0.118235340209851
"907",0.939397075575334,-0.342831058103711,0.418160802045707
"908",0.79033923660191,-0.612669479480992,0.322817443843844
"909",0.79033923660191,-0.612669479480992,0.322817443843844
"910",0.826556624243122,0.562853575026236,0.0645354630004688
"911",0.812364766330923,-0.583149626103031,0.341276340436757
"912",0.867716988564941,0.497058575779344,0.107096456358816
"913",0.822517162554844,0.568740289853575,0.0628025293106868
"914",0.92436938539279,-0.381498675421757,0.663848640837988
"915",0.931484912921982,-0.363779956840296,0.662736357865856
"916",0.931224458302399,-0.364446166476483,0.662782385257153
"917",0.833880059561431,0.551945691409783,0.53185251519551
"918",0.794555198854818,-0.607191926801387,0.32631559125121
"919",0.915539469707906,-0.402228143479501,0.664849843032978
"920",0.910398601299104,-0.413732264577753,0.693952098520227
"921",0.833340138217889,0.552760539506022,0.0674796373249327
"922",0.793789858045441,0.608192125289532,0.216533923804159
"923",0.303362793131795,0.952875131244003,0.125988430113095
"924",0.79033923660191,-0.612669479480992,0.0361628357096867
"925",0.833832163122312,0.552018046573449,0.0676948956510519
"926",0.868849040252788,0.495077110409893,0.108908340977774
"927",0.833340138217889,0.552760539506022,0.0674796373249327
"928",0.802938806145827,-0.596061467958728,0.333320155520309
"929",0.999817888629219,0.0190837516492716,0.338586861582928
"930",0.822517162554844,0.568740289853575,0.0628025293106868
"931",0.822517162554844,0.568740289853575,0.0628025293106868
"932",0.833340138217889,0.552760539506022,0.0674796373249327
"933",0.822517162554844,0.568740289853575,0.0628025293106868
"934",0.837383439786499,0.546615929855078,0.0692556246675507
"935",0.822517162554844,0.568740289853575,0.0628025293106868
"936",0.938394453143643,-0.345565985463331,0.661352558420057
"937",0.959394806125159,0.28206666938876,0.511144678303448
"938",0.822517162554844,0.568740289853575,0.0628025293106868
"939",0.793436261756955,0.608653348408721,0.0507315970119308
"940",0.846217025221532,0.532838386591301,0.684495265205365
"941",0.914900622375824,-0.403679143846111,0.664907584393611
"942",0.778722016394278,-0.627369126737067,0.313258185548099
"943",0.93480061890583,-0.355172919707116,0.662112485602009
"944",0.44196229997002,-0.897033625571087,-0.0397373005621909
"945",0.93774779506255,-0.347316963097579,0.661496029094727
"946",0.934648186663861,-0.355573856133936,0.662142747382275
"947",0.8429710594761,-0.537958913752475,0.0702028501086507
"948",0.826556624243122,0.562853575026236,0.0645354630004688
"949",0.833078718906773,0.553154452304825,0.0673653634990906
"950",0.803849148775744,0.594833208565655,0.0549764291030808
"951",0.923620639219268,-0.383307859048298,0.663949022484687
"952",0.57809358616766,0.815970468602764,-0.127277445273405
"953",0.940050434108643,0.341035454655599,0.550628675198311
"954",0.550201773866789,0.83503174073435,0.429360585572835
"955",0.999689524522043,-0.0249169532827086,0.375333510313639
"956",0.778722016394278,-0.627369126737067,0.313258185548099
"957",0.458248852935372,-0.88882393576198,0.161417195421688
"958",0.833340138217889,0.552760539506022,0.0674796373249327
"959",0.661499815621519,-0.749945327295728,0.222030780031089
"960",0.751947252135417,-0.659223277809572,0.0400180599004229
"961",0.778722016394278,-0.627369126737067,0.313258185548099
"962",0.778722016394278,-0.627369126737067,0.313258185548099
"963",0.778722016394278,-0.627369126737067,0.0373744626214644
"964",0.986707283201198,0.162507652981979,0.211028524974706
"965",0.975146090252269,0.221562863913865,0.333516741837232
"966",0.811803790006,-0.583930309653382,0.0405806187251508
"967",0.822517162554844,0.568740289853575,0.0628025293106868
"968",0.822517162554844,0.568740289853575,0.0628025293106868
"969",0.914073244615327,0.405549138179836,0.619852135377646
"970",0.651377237891594,0.758754040487903,0.437457848315298
"971",0.309916029335728,0.950763932193884,0.0369334133801214
"972",0.757423643694712,0.652923750504013,-0.229381909828773
"973",0.809834009097542,0.58665908133174,0.0574540676463034
"974",0.790406456889072,0.61258275596695,0.0495115566462899
"975",0.151691813648202,0.988427839385415,0.00025962878910557
"976",0.13807439658822,0.990421860121635,1.14572778546138e-05
"977",0.822517162554844,0.568740289853575,0.0628025293106868
"978",0.822517162554844,0.568740289853575,0.0628025293106868
"979",0.915870288988557,-0.401474300233549,0.664819201170564
"980",0.822517162554844,0.568740289853575,0.0628025293106868
"981",0.774622076403228,-0.632424413466742,0.309911448573461
"982",0.816236799571159,0.57771748028412,0.0601369985532011
"983",0.0775312269901619,0.996989924142366,0.140905435870337
"984",0.816236799571159,0.57771748028412,0.0601369985532011
"985",0.787079005083922,0.616852202521888,0.0481792067692682
"986",0.870492394099457,0.492181868636986,0.650164038906168
"987",0.863704315460416,0.503998864537464,0.662402486080738
"988",0.919521427256666,-0.39303987687748,0.664446519911265
"989",0.919686484284176,-0.392653499443226,0.664428141040181
"990",0.930559385609373,-0.366140997232358,0.662898006545882
"991",0.803491270671403,0.595316535932653,0.054829169708292
"992",0.782345887982625,0.622844211305426,-0.23942941975137
"993",0.474816216665772,0.880084973392458,-0.142721633011278
"994",0.0611502598937362,0.99812857173559,0.0831175948565388
"995",0.822517162554844,0.568740289853575,0.0628025293106868
"996",0.559377123316056,0.828913284916253,0.833764668437189
"997",0.734477679058306,0.678632845480621,0.0280544655971989
"998",0.930907802746527,-0.365254244035073,0.662837776023146
"999",0.999472351481289,-0.0324810502364456,0.508036115070095
"1000",0.999998911894811,-0.00147519801841214,0.506207234224931
"1001",0.430917545630093,-0.902391305846935,-0.0345768492216993
"1002",0.136460623531658,0.990645495737679,0.197393407070332
"1003",0.0513238503407933,-0.998682062713753,0.137155797088303
"1004",0.53104311127827,0.847344802287649,0.0380687641869301
"1005",0.180365615640474,-0.983599636383947,-0.328748857480843
"1006",0.0702254651807657,-0.997531144396076,-2.31081665694188e-06
"1007",0.653343863381453,-0.757061289580835,0.215970320322876
"1008",0.770892033599471,-0.636965833096935,0.801997303850378
"1009",0.918411145081396,0.395627310217936,0.58445271768247
"1010",0.916336103436392,0.400409971827637,0.587131156337485
"1011",0.917055137055567,0.398760423813591,0.547007855043046
"1012",0.802490333295723,-0.596665119616456,0.779433735424678
"1013",0.999960417769056,0.00889735326571882,0.507222653841759
"1014",0.838067417680942,0.545566681003888,0.345912609102081
"1015",0.929842226990847,-0.367958466276701,0.663019641954084
"1016",0.827793876290277,0.561032350561283,0.356188602262109
"1017",0.265621289858024,-0.96407745040228,-0.0783400144570369
"1018",0.931786415835375,-0.363006990655367,0.66268254616894
"1019",0.833340138217889,0.552760539506022,0.0674796373249327
"1020",0.763101528389352,0.646278622089448,0.0387981067242153
"1021",0.402840856394579,0.915270039070045,0.25763315190548
"1022",0.586517199597246,0.809936771962234,0.00712939860383392
"1023",0.80574728874542,0.592259492688302,0.546611603919816
"1024",0.80600288128985,0.591911611097856,0.546639025451104
"1025",0.779140676037691,-0.626849110188034,-0.271434284898351
"1026",0.905592954830776,0.424147851769714,0.640463235095241
"1027",0.869498857685467,-0.493934951672452,-0.0270412356563129
"1028",0.822517162554844,0.568740289853575,0.0628025293106868
"1029",0.826556624243122,0.562853575026236,0.0645354630004688
"1030",0.82285586823903,0.568250138675383,0.0629472690193741
"1031",0.826556624243122,0.562853575026236,0.0645354630004688
"1032",0.856026073999837,-0.516932646127545,-0.104302426110756
"1033",0.815987367130976,0.578069733408227,0.0600318372735971
"1034",0.843510721132063,0.537112337723932,0.0719784863049423
"1035",0.924095629477641,-0.382161310941234,0.663885692758803
"1036",0.0301662971939394,-0.999544893695929,0.199690046329513
"1037",0.665873429919507,0.74606472596366,-0.233990877980569
"1038",0.733245023974961,0.679964509967953,-0.246878685019789
"1039",0.930564526529264,0.36612793114616,0.347513163873616
"1040",0.966621771961228,0.256207630586083,0.244123624434553
"1041",0.839040487858598,0.544068984352174,0.345670868331423
"1042",0.378808211914195,-0.925475196094617,0.387266185663592
"1043",0.887078558103766,0.461618491562614,0.601977097139588
"1044",0.461274864938341,-0.887257290179188,0.456242895570438
"1045",0.030387965877386,-0.999538179125657,-0.0578240329789976
"1046",0.833340138217889,0.552760539506022,0.0674796373249327
"1047",0.778722016394278,-0.627369126737067,0.0373744626214644
"1048",0.153971056447869,-0.98807535834891,-0.165711490256086
"1049",0.778521034010862,-0.627618514388046,0.313093806256646
"1050",0.778722016394278,-0.627369126737067,0.313258185548099
"1051",0.698010795834783,-0.71608723553635,0.249567789720678
"1052",0.999878723962451,0.0155736112452994,0.333667962941616
"1053",0.807985471252268,-0.589202408553504,0.775394890042534
"1054",0.82641371691979,-0.563063378747736,0.760998812696221
"1055",0.821236608825867,-0.570587795456747,0.764854626755658
"1056",0.827388420448579,0.561630128917249,0.0648941537850983
"1057",0.661181047665364,0.750226380639959,-0.152946879319538
"1058",0.778722016394278,-0.627369126737067,0.313258185548099
"1059",0.990446352227223,0.137898598106677,0.426856176450319
"1060",0.833340138217889,0.552760539506022,0.0674796373249327
"1061",0.83867347168992,0.544634563614519,-0.322727187643203
"1062",0.651813350441742,0.758379427586159,-0.228797193332607
"1063",0.818666367169393,-0.574269430899529,-0.229231565861409
"1064",0.833340138217889,0.552760539506022,0.0674796373249327
"1065",0.996257058641636,0.0864399971466714,0.513084182104413
"1066",0.793436261756955,0.608653348408721,0.0507315970119308
"1067",0.867508692482554,0.497422022499215,0.660047016734933
"1068",0.919670669822705,-0.392690538551487,0.0537826902402575
"1069",0.951452333011001,0.307796130592837,-0.0744710672169356
"1070",0.985475427818583,0.169818082564198,0.324692126190782
"1071",0.877737169483701,-0.479142422779219,0.708876529201264
"1072",0.609388098062665,0.792872086745124,0.797272563248594
"1073",0.863396645491623,0.504525750139488,0.751560250250544
"1074",0.533271603071118,-0.845944086425314,0.628556019220576
"1075",0.927093735962361,0.374829567589526,0.346139795863053
"1076",0.370653194840085,0.928771343848871,0.118562307006538
"1077",0.983194201640052,-0.182562761431186,0.0741853320569042
"1078",0.824861237670913,0.565335244424057,0.0638063383096354
"1079",0.919020082696064,-0.394210714721606,0.664501516770618
"1080",0.91891724263351,-0.394450378616662,0.664512645061827
"1081",0.0375868168149398,-0.999293365935009,0.146616132725448
"1082",0.857253271062749,-0.514894969146346,0.739478773389743
"1083",0.836618921464049,-0.547785341395999,0.75272810452957
"1084",0.362865944483324,0.931841352556445,0.17416799925665
"1085",0.202201128289588,-0.979344017043254,0.254896549028664
"1086",0.830959948825986,0.556332241962584,0.347625835124855
"1087",0.632046654919599,-0.774930336227035,0.670946397086984
"1088",0.167162904434591,0.985929289239848,-0.410417071110379
"1089",0.733747794625862,0.679421940977537,0.611326865324428
"1090",0.810803716817151,-0.585318146648038,0.829121728015174
"1091",0.867196931547184,-0.497965342082307,0.867027558758155
"1092",0.865418906580181,-0.501049015699626,0.858446160622544
"1093",0.732674991509629,0.680578692596503,0.612160823037106
"1094",0.900713882788131,0.434412823651339,0.461074202064879
"1095",0.556997015553837,0.830514493951863,0.77706077553858
"1096",0.877900703225277,-0.478842724990746,0.8873668102324
"1097",0.957247270271049,0.28927091723612,0.486775100595507
"1098",0.704362455534187,0.709840497037081,0.0172158814045654
"1099",0.793893977540937,0.608056208277022,0.050916487543022
"1100",0.973447353747428,0.228911007778416,0.458907919238117
"1101",0.861843830398051,-0.507173749325431,0.738213097054927
"1102",0.895767488879586,-0.444522896897742,0.701838690540265
"1103",0.994343859223519,0.106208707856179,0.264394723884651
"1104",0.93471092143098,-0.355408910070707,0.662130311776506
"1105",0.426822864646392,-0.904335248796069,-0.0617730183300598
"1106",0.915854774883725,-0.401509690197735,0.664820649515553
"1107",0.910944562051328,-0.412528792775867,0.665224278230466
"1108",0.794555198854818,-0.607191926801387,0.32631559125121
"1109",0.95958931159556,0.281404252049536,0.510694156247904
"1110",0.958512694110206,0.285049846920842,-0.0676767909674443
"1111",0.19895498841318,-0.980008628832171,0.256126012734553
"1112",0.640222613867613,0.768189432817531,-0.00453606771287574
"1113",0.994281015632928,-0.106795421025216,0.957530433070325
"1114",0.931904083050637,-0.362704811097884,0.662661390028976
"1115",0.72904630958552,0.684464373418905,0.0260663570613755
"1116",0.938743261503742,0.344617308011826,0.549138009669088
"1117",0.669916127843677,0.742436786302331,0.333985452775474
"1118",0.757719163897079,-0.652580775584994,-0.261750149701861
"1119",0.519386803438884,-0.854539260896501,-0.149348662855638
"1120",0.952518270765415,-0.304481434340525,0.409971482251445
"1121",0.870932733803927,-0.491402251916714,0.393051411981598
"1122",0.855726402636729,-0.517428568819314,-0.0196674321266511
"1123",0.976439802203403,0.215789973522817,0.861284139724239
"1124",0.833210007334754,-0.552956674321975,0.801956061063934
"1125",0.987073807115817,-0.160266338655024,0.819596590104039
"1126",0.915713203814332,-0.401832463049081,0.664833814403893
"1127",0.942899835825098,-0.333076417059215,0.929371143872584
"1128",0.942899835825098,-0.333076417059215,0.929371143872584
"1129",0.994848679613484,0.101371123458843,0.373873359200431
"1130",0.952433026160742,0.30474797895686,0.494951270353168
"1131",0.95142278513281,0.30788745334964,0.496862424165561
"1132",0.940704989853386,0.33922576857447,0.514950089560834
"1133",0.378261835183367,0.925698646452349,0.0128485433424241
"1134",0.99519665880902,0.097895915621454,0.36082991090567
"1135",0.79033923660191,-0.612669479480992,0.0361628357096867
"1136",0.831853212298519,0.554995705558732,0.347244979264795
"1137",0.844777498578032,0.535117723399481,0.344209038068748
"1138",0.796806150828166,-0.604235018848131,0.035469857677639
"1139",0.833247496279598,-0.552900180813662,0.744037845269818
"1140",0.985132883346723,0.171794069015702,0.5159675209069
"1141",0.718980088617676,0.695030669950124,0.022421342408088
"1142",0.862018965702315,-0.506876023076168,0.0895324134626644
"1143",0.789444590422746,-0.61382182972933,0.322077154297933
"1144",0.460579335168765,-0.887618541951157,0.455670563936595
"1145",0.843567740365112,0.537022781095271,0.0720040082051079
"1146",0.833340138217889,0.552760539506022,0.0674796373249327
"1147",0.890592622760461,-0.454801913237668,0.720922399381375
"1148",0.648860114588039,-0.760907715624435,0.646600557223634
"1149",0.489515204181026,0.871994761954227,0.841425769225778
"1150",0.625981982890626,0.779837519677221,0.760219753763344
"1151",0.734875954656554,-0.678201541776203,0.791023786864279
"1152",NA,NA,NA
"1153",0.833340138217889,0.552760539506022,0.0674796373249327
"1154",0.980052281482536,-0.198739843918819,0.256717910353289
"1155",0.79033923660191,-0.612669479480992,0.322817443843844
"1156",0.795568108295672,-0.605864163870786,0.327158427542105
"1157",0.860523907214568,0.509410055959022,0.0957355311342196
"1158",0.889827181056695,-0.456297696523547,0.410872639337917
"1159",0.843510721132063,0.537112337723932,0.0719784863049423
"1160",0.934875723110489,-0.354975185525187,0.662097518039136
"1161",0.97748308598791,-0.211013782980052,0.797580274187305
"1162",0.930006020091494,-0.367544286574528,0.844021815258006
"1163",0.420109862436209,0.907473252213987,-0.00957890343963297
"1164",0.814750794976384,0.579811298687211,0.0595112743747949
"1165",0.945806358287328,-0.324731169774726,0.659477556212899
"1166",0.854934737571751,0.518735572804798,0.0870806985602119
"1167",0.834369574296441,0.551205418594896,0.0679302801454862
"1168",0.797697612982884,-0.603057640894641,0.0353732506183736
"1169",0.856096925424655,-0.516815299965523,-0.0191471932299022
"1170",0.816850826982486,-0.576848963298045,0.0452285106151956
"1171",0.822517162554844,0.568740289853575,0.0628025293106868
"1172",0.822517162554844,0.568740289853575,0.0628025293106868
"1173",0.083019511836752,0.996547921905609,0.125924533763165
"1174",0.342298511401481,0.939591256394146,0.106135985604703
"1175",0.91606163399933,0.401037507864885,0.6182420079198
"1176",0.265104052740771,-0.964219809597593,0.24247412920969
"1177",0.856414045393002,0.516289630782561,0.0893572417952247
"1178",0.822517162554844,0.568740289853575,0.0628025293106868
"1179",0.887541655746677,0.460727478358353,-0.120425694463815
"1180",0.986316183063758,0.164864753742392,0.331628938757717
"1181",0.643562941609971,0.765393193193094,-0.295853791868967
"1182",0.847710656740958,0.530458897981562,0.513143944317559
"1183",0.803491270671403,0.595316535932653,0.054829169708292
"1184",0.822517162554844,0.568740289853575,0.0628025293106868
"1185",0.822517162554844,0.568740289853575,0.0628025293106868
"1186",0.982718283242946,0.185107470892012,0.788994375543064
"1187",0.881929128793598,-0.471382023188587,0.773365907728514
"1188",0.906892326781279,-0.421362442115143,0.695969901818039
"1189",0.978823641992241,0.204705344036362,0.516056495929675
"1190",0.671622761768517,0.740893289127679,0.00590449755709264
"1191",0.833340138217889,0.552760539506022,0.0674796373249327
"1192",0.828454123436916,0.560056930463655,0.30502475485958
"1193",0.822517162554844,0.568740289853575,0.0628025293106868
"1194",0.993322058609945,0.115374554728942,0.590527513573291
"1195",0.91602128306498,-0.401129666033302,0.664805046301344
"1196",0.876975714567479,0.480534698080023,0.116856107277762
"1197",0.706339053613833,0.707873676117367,0.0179138947363964
"1198",0.843567740365112,0.537022781095271,0.0720040082051079
"1199",0.807976011451639,-0.589215380755374,-0.240171439870226
"1200",0.876197037608188,-0.481953059214935,-0.0877765368289488
"1201",0.997356910762512,0.0726580522327585,0.34606994436619
"1202",0.808434428508085,-0.588586250946117,-0.239989477043626
"1203",0.780072593211477,-0.625689019657787,-0.228156256033078
"1204",0.869627985030698,0.493707573014075,0.57204453101606
"1205",0.999396525332027,0.0347359346249845,0.277675089445137
"1206",0.835140241090101,-0.550037069398025,0.752960162378443
"1207",0.846848280638476,-0.53183455094574,0.811834372693995
"1208",0.972239345611126,-0.233988578451276,0.890058376256415
"1209",0.832793357526562,0.553583980674691,0.0672406995549206
"1210",0.925374664468181,-0.379053730176082,0.663709075357041
"1211",0.793436261756955,0.608653348408721,0.0507315970119308
"1212",0.793436261756955,0.608653348408721,0.0507315970119308
"1213",0.833340138217889,0.552760539506022,0.0674796373249327
"1214",0.793436261756955,0.608653348408721,0.0507315970119308
"1215",0.968544264674874,0.248841329697073,0.488266195538557
"1216",0.00677494936633491,-0.999977049767185,-0.505459591868024
"1217",0.999931555018454,-0.0116997982194671,0.318806930740376
"1218",0.889300745721154,-0.457322844017001,-0.48800169195484
"1219",0.437126604212239,-0.899399984372847,-0.208856665246426
"1220",0.239104419802625,-0.970993860140655,0.0947512823311191
"1221",0.194333590029396,-0.980935500319102,0.2684715839691
"1222",0.833340138217889,0.552760539506022,0.0674796373249327
"1223",0.833340138217889,0.552760539506022,0.0674796373249327
"1224",0.984917645128688,-0.173023791179592,0.920941668710685
"1225",0.570397919385097,0.821368500468061,-0.268319860189443
"1226",0.831210736804261,0.555957472313591,0.531642914260083
"1227",0.940876332009793,0.338750244079319,0.161161889334922
"1228",0.948789128536646,-0.315910097291415,0.658591497308979
"1229",0.986257906962548,0.165213016901982,0.238243303512981
"1230",0.999788580920284,0.0205619420630742,-0.326306355703029
"1231",0.921921309947622,0.387377204110491,0.581910563944745
"1232",0.822517162554844,0.568740289853575,0.0628025293106868
"1233",0.0687982387319493,0.997630594131606,-0.0578598985241368
"1234",0.885212417491518,-0.465187033265999,-0.132328928656086
"1235",0.866694022732733,0.498840125650847,0.659887668768258
"1236",0.937417441938988,0.348207609837241,0.352335333392686
"1237",0.660623777271973,0.750717140408363,0.00220425962092145
"1238",0.878188566143695,0.478314585073967,0.117601695053629
"1239",0.994712007898718,0.102703560513262,0.274554052135055
"1240",0.747852409027918,-0.663865027178824,0.288377844399121
"1241",0.947842807243128,0.318738157046604,-0.0777429881215389
"1242",0.857803244211439,-0.513978204032359,0.788045434483544
"1243",0.930049260933798,-0.36743485441163,0.662984848818463
"1244",0.142983856700039,0.989725020762425,0.216230793499626
"1245",0.833340138217889,0.552760539506022,0.0674796373249327
"1246",0.832793357526562,0.553583980674691,0.0672406995549206
"1247",0.944291679275132,-0.329109745300488,0.743802708048018
"1248",0.99895847240232,0.0456286140006859,0.903719779479532
"1249",0.995463960300259,-0.0951393911233653,0.900187576979239
"1250",0.92386579731155,-0.382716590387578,0.886158592263271
"1251",0.832793357526562,0.553583980674691,0.0672406995549206
"1252",0.832793357526562,0.553583980674691,0.0672406995549206
"1253",0.813329746325548,0.581802993926655,0.0589146411285314
"1254",0.822345079706214,0.568989077120977,0.0627290320608899
"1255",0.940932357657065,0.338594592859836,0.516265184869543
"1256",0.961148122276233,0.276033126716471,0.48404424564011
"1257",0.82429330649346,0.566163002032171,0.0635626770533488
"1258",0.822517162554844,0.568740289853575,0.0628025293106868
"1259",0.923450455677738,0.383717677347003,0.608034337755653
"1260",0.833340138217889,0.552760539506022,0.0674796373249327
"1261",0.822517162554844,0.568740289853575,0.0628025293106868
"1262",0.831116556503776,0.556098255261879,0.347589058867503
"1263",0.532468262379162,0.846449968727577,0.158765315799432
"1264",0.744616098616719,0.667492970510414,0.45982111849938
"1265",0.861436289801466,-0.507865650160636,0.738328666118471
"1266",0.140718051625167,-0.990049710846287,0.277824904940058
"1267",0.308273264970228,0.951297847209062,0.763134227545759
"1268",0.69093681740615,-0.722915150175081,-0.126492726956437
"1269",0.763584493168562,-0.645707922974861,-0.262982162978245
"1270",0.845329267937896,0.534245663311908,-0.36361907696901
"1271",0.693506695711937,0.720450180791642,0.0134138646123457
"1272",0.915845689360778,-0.401530413890756,0.664821497189501
"1273",0.908453278390755,-0.417986412435965,0.695082194716246
"1274",0.833340138217889,0.552760539506022,0.0674796373249327
"1275",0.86568639292535,0.500586724857839,0.505373238481114
"1276",0.807720229395818,-0.589565968340072,0.0368585238043679
"1277",0.831110419079935,-0.556107427838161,-0.0528507334720531
"1278",0,0,0
"1279",0,0,0
